license_number,license_expiry_date
0310838902,22/11/25
0310838036,02/12/25
0310837441,02/12/25
0310839460,02/12/25
0310839542,02/12/25
0310838322,02/12/25
0310838034,06/12/25
0310839062,06/12/25
0310839125,06/12/25
0310839069,06/12/25
0310839541,06/12/25
0310838320,06/12/25
0310838326,06/12/25
0310838966,06/12/25
0310838697,06/12/25
0310838176,09/12/25
0310838758,09/12/25
0310839139,09/12/25
0310838039,09/12/25
0310839116,09/12/25
0310839625,09/12/25
0311005481,08/02/26
0311006476,09/03/26
0311004570,17/03/26
0311009882,18/03/26
0310838967,18/03/26
0311009883,18/03/26
0311005336,18/03/26
0310838869,18/03/26
0310838037,18/03/26
0310835515,18/03/26
0311004535,18/03/26
0310835562,18/03/26
0310835516,18/03/26
0311006367,18/03/26
0311004927,18/03/26
0310834966,18/03/26
0310834976,18/03/26
0310831828,18/03/26
0310837994,18/03/26
0310837893,18/03/26
0310837568,18/03/26
0310839558,19/03/26
0311001615,19/03/26
0310834907,19/03/26
0311006923,19/03/26
0311004902,19/03/26
0311005000,19/03/26
0311004734,19/03/26
0310834894,19/03/26
0310831829,19/03/26
0311007151,19/03/26
0311005358,19/03/26
0311005359,19/03/26
0310833701,19/03/26
0311004986,19/03/26
0311006789,19/03/26
0310835561,22/03/26
0311001739,22/03/26
0310834825,22/03/26
0311005309,22/03/26
0311004700,22/03/26
0311002880,22/03/26
0311007211,22/03/26
0310832769,22/03/26
0310834962,24/03/26
0310833996,24/03/26
0310835584,24/03/26
0311006580,24/03/26
0311005265,24/03/26
0311005308,24/03/26
0310838914,26/03/26
0310837961,26/03/26
0310838099,26/03/26
0311005292,26/03/26
0310832148,26/03/26
0311004896,29/03/26
0310834296,29/03/26
0310835112,29/03/26
0310831825,29/03/26
0310834960,29/03/26
0310834979,29/03/26
0310833304,29/03/26
0310834980,29/03/26
0311009149,01/04/26
0311006745,06/05/26
0311006570,06/05/26